room_id;country;maximum_nights;price;room_type
50904;Belgium;11;365;Hotel room
116134;Belgium;19;59;Entire home/apt
218916;Belgium;59;349;Entire home/apt
224333;Belgium;11;485;Private room
224682;Belgium;30;253;Entire home/apt
345959;Belgium;64;494;Entire home/apt
363155;Belgium;50;187;Entire home/apt
366252;Belgium;65;557;Private room
522693;Belgium;38;517;Entire home/apt
603545;Belgium;17;419;Entire home/apt
636664;Belgium;58;312;Entire home/apt
639013;Belgium;15;315;Private room
772842;Belgium;13;494;Entire home/apt
778043;Belgium;37;232;Entire home/apt
789555;Belgium;55;148;Entire home/apt
791792;Belgium;17;242;Entire home/apt
813969;Belgium;50;97;Entire home/apt
891884;Belgium;59;504;Hotel room
891907;Belgium;58;526;Entire home/apt
959200;Belgium;41;534;Entire home/apt
961296;Belgium;53;44;Entire home/apt
991824;Belgium;49;253;Entire home/apt
1050693;Belgium;8;335;Entire home/apt
1105318;Belgium;36;257;Entire home/apt
1172376;Belgium;7;459;Entire home/apt
1172507;Belgium;30;272;Entire home/apt
1172826;Belgium;48;424;Private room
1184623;Belgium;12;358;Entire home/apt
1227242;Belgium;41;103;Private room
1328770;Belgium;19;368;Private room
1577011;Belgium;12;35;Entire home/apt
1808782;Belgium;43;158;Entire home/apt
1897272;Belgium;12;277;Entire home/apt
2051988;Belgium;47;130;Entire home/apt
2086302;Belgium;59;259;Entire home/apt
2133274;Belgium;58;127;Private room
2230592;Belgium;32;440;Private room
2282418;Belgium;35;322;Entire home/apt
2347414;Belgium;9;392;Private room
2448815;Belgium;18;322;Private room
2543695;Belgium;58;331;Entire home/apt
2602613;Belgium;9;227;Entire home/apt
2609419;Belgium;13;397;Entire home/apt
2659281;Belgium;34;389;Entire home/apt
2664034;Belgium;24;210;Entire home/apt
2682144;Belgium;49;122;Entire home/apt
2682808;Belgium;18;155;Private room
2819412;Belgium;61;328;Private room
3025379;Belgium;59;485;Entire home/apt
3197919;Belgium;39;385;Entire home/apt
3203133;Belgium;64;411;Entire home/apt
3426775;Belgium;32;435;Entire home/apt
3518676;Belgium;24;502;Entire home/apt
3857702;Belgium;54;182;Entire home/apt
4017995;Belgium;36;102;Private room
4032738;Belgium;7;89;Entire home/apt
4064854;Belgium;13;48;Private room
4178600;Belgium;14;461;Private room
4265913;Belgium;17;488;Entire home/apt
4322521;Belgium;7;317;Entire home/apt
4332020;Belgium;36;342;Entire home/apt
4425751;Belgium;27;131;Private room
4502646;Belgium;52;394;Entire home/apt
4605928;Belgium;64;190;Entire home/apt
4733497;Belgium;51;275;Entire home/apt
4748466;Belgium;57;406;Entire home/apt
4980368;Belgium;42;57;Entire home/apt
4985922;Belgium;62;231;Entire home/apt
5020599;Belgium;16;200;Entire home/apt
5026455;Belgium;23;73;Entire home/apt
5047962;Belgium;41;252;Private room
5074616;Belgium;33;139;Entire home/apt
5096851;Belgium;32;368;Private room
5233718;Belgium;17;540;Entire home/apt
5379855;Belgium;46;185;Entire home/apt
5417459;Belgium;40;443;Entire home/apt
5574536;Belgium;22;128;Entire home/apt
5575185;Belgium;37;452;Entire home/apt
5578067;Belgium;42;367;Private room
5646286;Belgium;50;358;Entire home/apt
5702020;Belgium;31;276;Entire home/apt
5741728;Belgium;43;254;Entire home/apt
5754564;Belgium;58;245;Entire home/apt
5789730;Belgium;35;544;Entire home/apt
5940310;Belgium;27;294;Entire home/apt
5994895;Belgium;11;364;Entire home/apt
6000928;Belgium;54;508;Entire home/apt
6004053;Belgium;51;171;Private room
6046872;Belgium;7;320;Entire home/apt
6051973;Belgium;53;149;Entire home/apt
6139374;Belgium;49;292;Entire home/apt
6149034;Belgium;64;233;Entire home/apt
6150016;Belgium;11;288;Private room
6183201;Belgium;61;485;Entire home/apt
6271039;Belgium;20;62;Private room
6418099;Belgium;46;326;Private room
6463582;Belgium;45;316;Private room
6545997;Belgium;26;208;Entire home/apt
6584668;Belgium;28;109;Entire home/apt
6585827;Belgium;50;92;Private room
6659457;Belgium;49;130;Entire home/apt
6672914;Belgium;28;69;Entire home/apt
6700898;Belgium;7;400;Private room
6833081;Belgium;20;216;Entire home/apt
6984717;Belgium;62;469;Entire home/apt
7027563;Belgium;58;547;Entire home/apt
7067067;Belgium;25;436;Private room
7262234;Belgium;54;450;Entire home/apt
7298474;Belgium;14;446;Entire home/apt
7365174;Belgium;10;217;Private room
7395215;Belgium;36;525;Entire home/apt
7552929;Belgium;9;38;Entire home/apt
7614218;Belgium;16;337;Entire home/apt
7724259;Belgium;43;396;Entire home/apt
7759657;Belgium;47;481;Entire home/apt
7814882;Belgium;58;369;Entire home/apt
7892353;Belgium;37;348;Entire home/apt
8038470;Belgium;50;492;Entire home/apt
8084313;Belgium;32;549;Entire home/apt
8094749;Belgium;19;405;Entire home/apt
8104534;Belgium;57;267;Entire home/apt
8158582;Belgium;60;175;Entire home/apt
8179789;Belgium;26;400;Private room
8231896;Belgium;13;279;Entire home/apt
8256105;Belgium;8;236;Entire home/apt
8366368;Belgium;20;103;Private room
8469104;Belgium;47;538;Entire home/apt
8473696;Belgium;17;411;Entire home/apt
8491381;Belgium;21;33;Entire home/apt
8514381;Belgium;57;253;Entire home/apt
8522139;Belgium;40;440;Entire home/apt
8599666;Belgium;22;429;Entire home/apt
8725792;Belgium;7;314;Entire home/apt
8751883;Belgium;14;424;Entire home/apt
8766126;Belgium;30;111;Entire home/apt
8772155;Belgium;61;364;Entire home/apt
8853612;Belgium;46;76;Entire home/apt
8877884;Belgium;22;25;Entire home/apt
8959933;Belgium;50;462;Entire home/apt
8965535;Belgium;25;362;Entire home/apt
8979470;Belgium;58;396;Private room
9063100;Belgium;36;326;Entire home/apt
9126033;Belgium;59;138;Entire home/apt
9143174;Belgium;38;98;Entire home/apt
9403972;Belgium;24;330;Entire home/apt
9444009;Belgium;62;245;Private room
9444419;Belgium;45;118;Entire home/apt
9487949;Belgium;61;393;Private room
9582616;Belgium;9;186;Entire home/apt
9809688;Belgium;23;556;Private room
9854143;Belgium;45;244;Entire home/apt
9911612;Belgium;51;206;Private room
9913124;Belgium;15;145;Entire home/apt
10015096;Belgium;7;481;Entire home/apt
10050755;Belgium;51;420;Entire home/apt
10170353;Belgium;54;27;Entire home/apt
10196951;Belgium;61;238;Private room
10220506;Belgium;10;129;Entire home/apt
10286773;Belgium;39;118;Entire home/apt
10411697;Belgium;14;209;Entire home/apt
10582792;Belgium;17;109;Private room
10604260;Belgium;33;105;Private room
10693965;Belgium;60;480;Private room
10743570;Belgium;36;71;Entire home/apt
10845191;Belgium;40;212;Private room
10865022;Belgium;22;262;Entire home/apt
11004345;Belgium;43;494;Entire home/apt
11007796;Belgium;49;510;Entire home/apt
11054114;Belgium;41;70;Entire home/apt
11054989;Belgium;20;435;Entire home/apt
11055119;Belgium;24;298;Entire home/apt
11111703;Belgium;63;362;Entire home/apt
11205171;Belgium;23;361;Entire home/apt
11209398;Belgium;36;224;Entire home/apt
11234792;Belgium;59;399;Entire home/apt
11288058;Belgium;57;111;Private room
11299305;Belgium;31;85;Entire home/apt
11361302;Belgium;39;88;Entire home/apt
11386961;Belgium;42;110;Entire home/apt
11649861;Belgium;43;322;Entire home/apt
11664307;Belgium;9;392;Entire home/apt
11687167;Belgium;51;44;Private room
11702316;Belgium;57;218;Private room
11878238;Belgium;9;320;Entire home/apt
11898838;Belgium;51;286;Entire home/apt
12100076;Belgium;26;104;Entire home/apt
12215914;Belgium;24;137;Entire home/apt
12238423;Belgium;26;60;Entire home/apt
12247552;Belgium;21;538;Entire home/apt
12312880;Belgium;26;551;Private room
12340028;Belgium;19;168;Entire home/apt
12425295;Belgium;22;113;Entire home/apt
12443915;Belgium;60;559;Entire home/apt
12452412;Belgium;35;515;Entire home/apt
12509158;Belgium;12;287;Entire home/apt
12576409;Belgium;20;79;Entire home/apt
12637515;Belgium;46;26;Entire home/apt
12646547;Belgium;31;110;Entire home/apt
12659772;Belgium;14;60;Entire home/apt
12734670;Belgium;42;140;Private room
12734817;Belgium;36;469;Entire home/apt
12746696;Belgium;21;560;Entire home/apt
12749687;Belgium;50;29;Entire home/apt
12752072;Belgium;51;90;Entire home/apt
12775598;Belgium;45;211;Entire home/apt
12862721;Belgium;59;112;Entire home/apt
12864070;Belgium;43;492;Entire home/apt
12959452;Belgium;53;38;Entire home/apt
13027951;Belgium;51;327;Entire home/apt
13147334;Belgium;25;382;Entire home/apt
13149637;Belgium;47;222;Entire home/apt
13189346;Belgium;57;306;Entire home/apt
13249852;Belgium;59;306;Private room
13263169;Belgium;58;190;Entire home/apt
13306153;Belgium;45;131;Private room
13350400;Belgium;56;529;Entire home/apt
13372879;Belgium;20;413;Entire home/apt
13426813;Belgium;9;284;Entire home/apt
13427359;Belgium;25;42;Entire home/apt
13601093;Belgium;44;339;Private room
13640722;Belgium;36;401;Entire home/apt
13670107;Belgium;9;399;Entire home/apt
13722848;Belgium;34;100;Entire home/apt
13799108;Belgium;28;420;Entire home/apt
14060986;Belgium;15;192;Entire home/apt
14084973;Belgium;28;424;Private room
14327385;Belgium;22;176;Entire home/apt
14436448;Belgium;24;299;Entire home/apt
14527835;Belgium;61;309;Entire home/apt
14649863;Belgium;27;220;Entire home/apt
14798944;Belgium;28;528;Entire home/apt
14813245;Belgium;19;331;Entire home/apt
14855524;Belgium;13;487;Entire home/apt
14897210;Belgium;24;64;Entire home/apt
14905174;Belgium;60;410;Private room
14975438;Belgium;7;296;Private room
15217689;Belgium;55;69;Private room
15270962;Belgium;22;36;Private room
15291805;Belgium;8;161;Entire home/apt
15371998;Belgium;56;138;Entire home/apt
15402549;Belgium;16;546;Entire home/apt
15464986;Belgium;46;131;Private room
15467146;Belgium;8;264;Private room
15519371;Belgium;15;513;Entire home/apt
15650986;Belgium;42;277;Entire home/apt
15657753;Belgium;43;64;Entire home/apt
15715672;Belgium;47;160;Private room
15738162;Belgium;38;516;Entire home/apt
15763164;Belgium;13;264;Private room
15768383;Belgium;60;494;Private room
15779315;Belgium;15;152;Private room
15784571;Belgium;12;59;Entire home/apt
15794519;Belgium;50;52;Private room
15853340;Belgium;59;135;Private room
15878210;Belgium;16;533;Entire home/apt
15929001;Belgium;9;297;Entire home/apt
15949936;Belgium;26;128;Entire home/apt
15952890;Belgium;38;36;Entire home/apt
16036168;Belgium;49;294;Entire home/apt
16040670;Belgium;53;279;Private room
16107337;Belgium;62;30;Entire home/apt
16225766;Belgium;14;253;Entire home/apt
16238598;Belgium;8;508;Entire home/apt
16271484;Belgium;24;148;Entire home/apt
16291478;Belgium;24;183;Entire home/apt
16317142;Belgium;7;249;Entire home/apt
16424246;Belgium;63;25;Entire home/apt
16546399;Belgium;9;283;Private room
16610326;Belgium;10;198;Private room
16612557;Belgium;14;382;Entire home/apt
16630701;Belgium;63;454;Entire home/apt
16700193;Belgium;60;374;Entire home/apt
16723796;Belgium;16;427;Entire home/apt
16792858;Belgium;54;349;Entire home/apt
16818256;Belgium;16;521;Entire home/apt
16833815;Belgium;15;483;Entire home/apt
16851403;Belgium;33;206;Entire home/apt
16891439;Belgium;49;418;Entire home/apt
16978843;Belgium;28;493;Private room
17004023;Belgium;14;28;Entire home/apt
17010097;Belgium;41;398;Entire home/apt
17010887;Belgium;39;268;Private room
17096268;Belgium;25;544;Entire home/apt
17115288;Belgium;33;286;Entire home/apt
17266710;Belgium;31;83;Entire home/apt
17522166;Belgium;33;460;Entire home/apt
17756295;Belgium;43;131;Entire home/apt
17837297;Belgium;9;498;Entire home/apt
17911859;Belgium;54;384;Entire home/apt
17913667;Belgium;33;218;Entire home/apt
18010399;Belgium;8;268;Entire home/apt
18186103;Belgium;15;222;Entire home/apt
18322026;Belgium;65;470;Entire home/apt
18322358;Belgium;53;106;Entire home/apt
18351730;Belgium;58;135;Entire home/apt
18475342;Belgium;11;364;Entire home/apt
18507108;Belgium;62;60;Entire home/apt
18565578;Belgium;44;107;Entire home/apt
18711244;Belgium;42;438;Entire home/apt
18823301;Belgium;48;340;Entire home/apt
18848541;Belgium;25;329;Entire home/apt
18849323;Belgium;35;268;Entire home/apt
18913507;Belgium;34;478;Entire home/apt
18931281;Belgium;13;293;Private room
19013331;Belgium;30;203;Entire home/apt
19028126;Belgium;32;122;Entire home/apt
19043207;Belgium;12;177;Entire home/apt
19062948;Belgium;52;302;Entire home/apt
19081019;Belgium;18;461;Entire home/apt
19091628;Belgium;49;91;Entire home/apt
19110897;Belgium;55;403;Private room
19139826;Belgium;24;506;Entire home/apt
19139841;Belgium;51;283;Entire home/apt
19159122;Belgium;22;202;Entire home/apt
19232324;Belgium;35;351;Private room
19270436;Belgium;31;110;Entire home/apt
19311378;Belgium;47;333;Entire home/apt
19311990;Belgium;62;50;Entire home/apt
19341633;Belgium;36;397;Private room
19380026;Belgium;21;243;Entire home/apt
19398818;Belgium;37;236;Entire home/apt
19565336;Belgium;54;182;Private room
19597739;Belgium;41;272;Entire home/apt
19615621;Belgium;34;396;Entire home/apt
19618674;Belgium;54;423;Entire home/apt
19657683;Belgium;13;425;Private room
19665216;Belgium;31;316;Entire home/apt
19733115;Belgium;30;216;Private room
19798020;Belgium;48;255;Private room
19815144;Belgium;52;271;Entire home/apt
19861514;Belgium;45;361;Entire home/apt
19929145;Belgium;55;133;Entire home/apt
19989893;Belgium;39;223;Entire home/apt
19997718;Belgium;25;221;Entire home/apt
20048639;Belgium;51;80;Entire home/apt
20087301;Belgium;31;71;Private room
20131004;Belgium;37;361;Private room
20168816;Belgium;22;454;Private room
20180851;Belgium;19;372;Private room
20237057;Belgium;32;126;Entire home/apt
20263685;Belgium;18;69;Entire home/apt
20317514;Belgium;13;140;Entire home/apt
20318096;Belgium;34;374;Private room
20406122;Belgium;45;397;Private room
20676903;Belgium;12;403;Private room
20772851;Belgium;57;465;Private room
20781256;Belgium;36;439;Entire home/apt
20825768;Belgium;39;275;Entire home/apt
20942852;Belgium;38;371;Entire home/apt
20957741;Belgium;26;528;Entire home/apt
20987211;Belgium;12;44;Entire home/apt
20994541;Belgium;61;355;Entire home/apt
21004429;Belgium;57;284;Private room
21102559;Belgium;37;289;Entire home/apt
21168610;Belgium;14;364;Entire home/apt
21381205;Belgium;63;99;Entire home/apt
21464203;Belgium;61;424;Private room
21638219;Belgium;20;311;Private room
21658316;Belgium;21;165;Private room
21718764;Belgium;27;160;Entire home/apt
21750298;Belgium;52;487;Private room
21861265;Belgium;17;109;Entire home/apt
21933479;Belgium;20;48;Private room
21942782;Belgium;17;408;Entire home/apt
21994745;Belgium;48;472;Entire home/apt
22023486;Belgium;19;474;Entire home/apt
22097777;Belgium;53;485;Entire home/apt
22102755;Belgium;63;282;Entire home/apt
22134240;Belgium;20;184;Entire home/apt
22169539;Belgium;36;184;Private room
22181904;Belgium;40;553;Private room
22191315;Belgium;58;114;Entire home/apt
22235229;Belgium;20;26;Entire home/apt
22284431;Belgium;57;106;Entire home/apt
22372045;Belgium;18;401;Entire home/apt
22585207;Belgium;8;444;Entire home/apt
22613237;Belgium;8;347;Entire home/apt
22651108;Belgium;21;548;Private room
22668676;Belgium;57;75;Entire home/apt
22703318;Belgium;9;202;Entire home/apt
22708143;Belgium;45;367;Entire home/apt
22742449;Belgium;11;439;Entire home/apt
22749049;Belgium;55;182;Entire home/apt
22760259;Belgium;59;472;Entire home/apt
22805099;Belgium;10;150;Entire home/apt
22924510;Belgium;35;306;Private room
22962721;Belgium;14;387;Entire home/apt
22964399;Belgium;36;474;Entire home/apt
22993422;Belgium;18;559;Entire home/apt
23001137;Belgium;61;61;Entire home/apt
23033176;Belgium;11;193;Entire home/apt
23049794;Belgium;34;30;Entire home/apt
23141079;Belgium;26;274;Entire home/apt
23162754;Belgium;44;225;Private room
23364073;Belgium;20;108;Entire home/apt
23372858;Belgium;26;154;Private room
23385815;Belgium;62;303;Entire home/apt
23386612;Belgium;49;425;Entire home/apt
23392537;Belgium;35;184;Entire home/apt
23392809;Belgium;56;451;Private room
23395109;Belgium;44;427;Entire home/apt
23444238;Belgium;47;454;Private room
23524053;Belgium;14;95;Private room
23755415;Belgium;53;123;Private room
23786630;Belgium;37;33;Entire home/apt
24061317;Belgium;45;82;Entire home/apt
24061523;Belgium;56;255;Entire home/apt
24170223;Belgium;32;209;Entire home/apt
24340681;Belgium;29;46;Entire home/apt
24419851;Belgium;60;58;Entire home/apt
24486262;Belgium;23;239;Entire home/apt
24518063;Belgium;47;136;Entire home/apt
24596945;Belgium;52;122;Private room
24669581;Belgium;17;68;Entire home/apt
24670984;Belgium;37;33;Entire home/apt
24740629;Belgium;50;506;Entire home/apt
24829527;Belgium;27;242;Entire home/apt
24900105;Belgium;30;51;Entire home/apt
25023469;Belgium;49;75;Entire home/apt
25068907;Belgium;10;293;Entire home/apt
25071158;Belgium;7;266;Entire home/apt
25148862;Belgium;23;151;Private room
25150029;Belgium;52;491;Private room
25152004;Belgium;32;370;Private room
25201647;Belgium;49;339;Entire home/apt
25242718;Belgium;50;81;Entire home/apt
25493896;Belgium;33;474;Private room
25507520;Belgium;62;377;Entire home/apt
25515794;Belgium;55;407;Entire home/apt
25532901;Belgium;60;314;Entire home/apt
25610607;Belgium;30;245;Private room
25854261;Belgium;63;209;Entire home/apt
25960097;Belgium;11;58;Entire home/apt
25973713;Belgium;40;172;Entire home/apt
26023466;Belgium;59;215;Entire home/apt
26112457;Belgium;50;520;Entire home/apt
26163757;Belgium;64;118;Entire home/apt
26175436;Belgium;53;142;Private room
26181108;Belgium;40;523;Entire home/apt
26193437;Belgium;51;387;Entire home/apt
26298543;Belgium;22;225;Entire home/apt
26317331;Belgium;16;307;Entire home/apt
26330337;Belgium;65;332;Entire home/apt
26342549;Belgium;16;205;Entire home/apt
26347234;Belgium;34;78;Entire home/apt
26351917;Belgium;8;405;Private room
26457685;Belgium;10;164;Entire home/apt
26464842;Belgium;23;381;Entire home/apt
26477493;Belgium;36;558;Entire home/apt
26578804;Belgium;25;362;Private room
26592318;Belgium;27;42;Entire home/apt
26668817;Belgium;42;463;Entire home/apt
26672728;Belgium;19;211;Entire home/apt
26764297;Belgium;9;444;Entire home/apt
26772734;Belgium;22;326;Entire home/apt
26774974;Belgium;43;33;Entire home/apt
26802748;Belgium;28;103;Entire home/apt
26883983;Belgium;26;197;Entire home/apt
26937582;Belgium;49;299;Entire home/apt
26954216;Belgium;20;493;Private room
26991935;Belgium;27;366;Private room
27053117;Belgium;53;541;Entire home/apt
27082057;Belgium;29;324;Entire home/apt
27132678;Belgium;63;169;Entire home/apt
27150005;Belgium;45;34;Entire home/apt
27195796;Belgium;56;320;Entire home/apt
27246421;Belgium;61;555;Private room
27288680;Belgium;7;513;Private room
27479453;Belgium;40;410;Entire home/apt
27489768;Belgium;57;27;Entire home/apt
27490882;Belgium;14;498;Entire home/apt
27491314;Belgium;52;295;Entire home/apt
27502272;Belgium;63;73;Entire home/apt
27521515;Belgium;60;477;Entire home/apt
27564444;Belgium;26;460;Entire home/apt
27567210;Belgium;39;455;Entire home/apt
27588529;Belgium;52;207;Entire home/apt
27617809;Belgium;35;330;Private room
27645909;Belgium;34;51;Entire home/apt
27654970;Belgium;25;276;Entire home/apt
27724978;Belgium;55;125;Entire home/apt
27738708;Belgium;18;110;Entire home/apt
27742986;Belgium;16;541;Private room
27743237;Belgium;22;424;Entire home/apt
27755042;Belgium;43;293;Private room
27777408;Belgium;65;89;Private room
27844982;Belgium;34;43;Private room
27851653;Belgium;17;193;
27870003;Belgium;57;175;Entire home/apt
27930363;Belgium;21;448;Entire home/apt
27951988;Belgium;14;459;Entire home/apt
28062441;Belgium;15;105;Entire home/apt
28087662;Belgium;35;481;Private room
28124882;Belgium;16;525;Entire home/apt
28214576;Belgium;39;175;Private room
28219481;Belgium;7;250;Private room
28249176;Belgium;56;425;Private room
28330049;Belgium;51;422;Entire home/apt
28363835;Belgium;55;414;Entire home/apt
28379011;Belgium;51;398;Entire home/apt
28401157;Belgium;20;404;Private room
28405887;Belgium;21;56;Entire home/apt
28434123;Belgium;15;431;Entire home/apt
28561382;Belgium;7;127;Private room
28621534;Belgium;13;297;Entire home/apt
28677510;Belgium;17;312;Private room
28693154;Belgium;39;517;Entire home/apt
28750136;Belgium;18;539;Entire home/apt
28772811;Belgium;61;397;Entire home/apt
28778081;Belgium;51;337;Entire home/apt
28808213;Belgium;20;343;Entire home/apt
28808356;Belgium;14;201;Entire home/apt
28839558;Belgium;15;539;Entire home/apt
28912521;Belgium;17;318;Entire home/apt
28931007;Belgium;64;64;Entire home/apt
29023010;Belgium;33;561;Entire home/apt
29042185;Belgium;19;29;Entire home/apt
29066101;Belgium;25;417;Private room
29227406;Belgium;19;561;Entire home/apt
29250575;Belgium;64;497;Entire home/apt
29272282;Belgium;19;369;Private room
29301255;Belgium;49;140;Entire home/apt
29380915;Belgium;59;148;Entire home/apt
29423576;Belgium;30;521;Entire home/apt
29454542;Belgium;51;342;Private room
29562413;Belgium;28;469;Entire home/apt
29563117;Belgium;16;289;Entire home/apt
29565513;Belgium;58;215;Entire home/apt
29600232;Belgium;30;466;Entire home/apt
29605455;Belgium;52;147;Entire home/apt
29683668;Belgium;19;280;Entire home/apt
29954156;Belgium;62;111;Entire home/apt
29974854;Belgium;20;217;Private room
29975505;Belgium;56;300;Private room
29976250;Belgium;48;464;Private room
29982984;Belgium;26;28;Entire home/apt
30088783;Belgium;39;262;Entire home/apt
30100357;Belgium;12;200;Entire home/apt
30127354;Belgium;42;240;Entire home/apt
30219390;Belgium;12;60;Entire home/apt
30243446;Belgium;48;37;Private room
30259301;Belgium;9;170;Private room
30260501;Belgium;52;424;Entire home/apt
30290226;Belgium;43;462;Entire home/apt
30319385;Belgium;33;557;Entire home/apt
30391008;Belgium;62;286;Entire home/apt
30414610;Belgium;55;225;Entire home/apt
30414744;Belgium;16;61;Entire home/apt
30451449;Belgium;41;28;
30527484;Belgium;38;232;Entire home/apt
30669652;Belgium;8;84;Entire home/apt
30688137;Belgium;16;333;Entire home/apt
30711848;Belgium;52;347;Entire home/apt
30949150;Belgium;24;83;Entire home/apt
30957530;Belgium;45;420;Private room
30966880;Belgium;55;283;Entire home/apt
30969571;Belgium;55;318;Entire home/apt
30975341;Belgium;10;428;Entire home/apt
30976395;Belgium;46;355;Entire home/apt
30976426;Belgium;53;300;Entire home/apt
31015562;Belgium;17;275;Private room
31019383;Belgium;16;117;Entire home/apt
31050843;Belgium;52;541;Entire home/apt
31064604;Belgium;38;213;Entire home/apt
31087775;Belgium;32;139;Entire home/apt
31112513;Belgium;30;49;Entire home/apt
31130575;Belgium;40;447;Entire home/apt
31167235;Belgium;43;366;Private room
31198633;Belgium;39;197;Private room
31200155;Belgium;9;398;Entire home/apt
31201246;Belgium;58;298;Entire home/apt
31260795;Belgium;58;119;Entire home/apt
31277746;Belgium;14;355;Entire home/apt
31442273;Belgium;64;513;Entire home/apt
31462463;Belgium;63;99;Private room
31463408;Belgium;10;258;Entire home/apt
31512469;Belgium;47;412;Entire home/apt
31561396;Belgium;26;248;Private room
31681385;Belgium;20;543;Entire home/apt
31682997;Belgium;34;373;Entire home/apt
31730627;Belgium;21;512;Entire home/apt
31847853;Belgium;23;193;Entire home/apt
31868869;Belgium;59;194;Private room
31876188;Belgium;53;249;Private room
31899599;Belgium;31;236;Entire home/apt
31926299;Belgium;23;252;Entire home/apt
31949372;Belgium;60;175;Entire home/apt
32009201;Belgium;47;504;Private room
32106943;Belgium;30;135;Entire home/apt
32108140;Belgium;19;176;Private room
32166521;Belgium;46;428;Private room
32371479;Belgium;44;421;Entire home/apt
32467666;Belgium;36;440;Entire home/apt
32468319;Belgium;55;462;Entire home/apt
32627204;Belgium;64;380;Entire home/apt
32683116;Belgium;9;329;Private room
32693198;Belgium;22;414;Entire home/apt
32763577;Belgium;15;121;Entire home/apt
32782208;Belgium;27;200;Entire home/apt
32784417;Belgium;22;200;Private room
32841697;Belgium;33;454;Entire home/apt
32927683;Belgium;15;244;Entire home/apt
32971329;Belgium;64;440;Entire home/apt
32977224;Belgium;28;215;Entire home/apt
33005678;Belgium;34;477;Hotel room
33005778;Belgium;58;174;Hotel room
33005812;Belgium;59;268;Hotel room
33005836;Belgium;60;40;Hotel room
33005958;Belgium;47;352;Hotel room
33033659;Belgium;31;73;Entire home/apt
33056645;Belgium;21;150;Entire home/apt
33059681;Belgium;41;130;Entire home/apt
33094080;Belgium;36;405;Entire home/apt
33114490;Belgium;14;452;Entire home/apt
33192413;Belgium;33;65;Private room
33214606;Belgium;13;470;Entire home/apt
33215432;Belgium;30;279;Entire home/apt
33215914;Belgium;13;501;Entire home/apt
33216722;Belgium;55;225;Entire home/apt
33382181;Belgium;10;507;Private room
33410025;Belgium;51;348;Entire home/apt
33520917;Belgium;39;460;Entire home/apt
33537491;Belgium;14;538;Entire home/apt
33569315;Belgium;35;128;Entire home/apt
33599745;Belgium;26;90;Entire home/apt
33623623;Belgium;44;118;Entire home/apt
33685110;Belgium;20;546;Entire home/apt
33714695;Belgium;44;495;Private room
33744341;Belgium;31;255;Entire home/apt
33800807;Belgium;61;195;Entire home/apt
33864760;Belgium;25;289;Private room
33905456;Belgium;45;371;Entire home/apt
33958130;Belgium;25;215;Hotel room
34054200;Belgium;63;233;Private room
34249814;Belgium;28;257;Entire home/apt
34264095;Belgium;50;212;Private room
34277420;Belgium;8;467;Entire home/apt
34294000;Belgium;31;35;Entire home/apt
34309044;Belgium;59;58;Entire home/apt
34356118;Belgium;16;395;Entire home/apt
34621717;Belgium;10;310;Entire home/apt
34649600;Belgium;28;137;Entire home/apt
34664955;Belgium;34;116;Entire home/apt
34729342;Belgium;54;464;Private room
34769735;Belgium;53;554;Entire home/apt
34807446;Belgium;29;33;Entire home/apt
34851379;Belgium;55;358;Entire home/apt
34879418;Belgium;28;102;Entire home/apt
34904214;Belgium;22;325;Entire home/apt
34925546;Belgium;38;136;Entire home/apt
35037522;Belgium;55;192;Private room
35061198;Belgium;30;338;Entire home/apt
35063134;Belgium;33;53;Entire home/apt
35063828;Belgium;38;188;Entire home/apt
35086421;Belgium;13;468;Private room
35106543;Belgium;50;268;Entire home/apt
35121718;Belgium;48;245;Private room
35191921;Belgium;28;291;Entire home/apt
35193106;Belgium;65;459;Entire home/apt
35206126;Belgium;50;504;Entire home/apt
35227376;Belgium;26;527;Entire home/apt
35297542;Belgium;54;39;Entire home/apt
35303380;Belgium;21;100;Entire home/apt
35312060;Belgium;31;171;Entire home/apt
35328212;Belgium;41;84;Private room
35361130;Belgium;20;160;Entire home/apt
35366436;Belgium;49;435;Entire home/apt
35419492;Belgium;48;164;Entire home/apt
35441361;Belgium;47;126;Entire home/apt
35507561;Belgium;43;360;Entire home/apt
35538073;Belgium;56;179;Private room
35569947;Belgium;43;90;Entire home/apt
35570936;Belgium;39;302;Entire home/apt
35602722;Belgium;18;338;Entire home/apt
35633180;Belgium;33;74;Entire home/apt
35736331;Belgium;46;424;Entire home/apt
35764620;Belgium;40;201;Entire home/apt
35779920;Belgium;16;467;Entire home/apt
35782205;Belgium;11;410;Entire home/apt
35800771;Belgium;60;485;Entire home/apt
35924615;Belgium;40;326;Entire home/apt
35925974;Belgium;27;337;Entire home/apt
35926127;Belgium;57;240;Entire home/apt
35967247;Belgium;42;298;Entire home/apt
35968415;Belgium;17;203;Entire home/apt
35996665;Belgium;45;262;Entire home/apt
35997401;Belgium;60;261;Entire home/apt
36016441;Belgium;51;459;Entire home/apt
36020300;Belgium;30;154;Entire home/apt
36029902;Belgium;14;251;Entire home/apt
36031281;Belgium;37;516;Entire home/apt
36068325;Belgium;22;509;Entire home/apt
36086423;Belgium;12;171;Entire home/apt
36098300;Belgium;47;507;Entire home/apt
36099404;Belgium;47;354;Entire home/apt
36099494;Belgium;41;524;Entire home/apt
36102951;Belgium;8;533;Entire home/apt
36106533;Belgium;10;306;Entire home/apt
36161820;Belgium;30;159;Entire home/apt
36220043;Belgium;15;428;Entire home/apt
36253626;Belgium;37;425;Entire home/apt
36278065;Belgium;31;188;Private room
36296863;Belgium;21;392;Entire home/apt
36303786;Belgium;41;284;Entire home/apt
36350823;Belgium;14;240;Entire home/apt
36422080;Belgium;10;235;Private room
36463785;Belgium;63;248;Private room
36464525;Belgium;28;500;Private room
36469302;Belgium;58;30;Entire home/apt
36494577;Belgium;38;134;Entire home/apt
36503455;Belgium;21;45;Entire home/apt
36519761;Belgium;37;99;Private room
36520988;Belgium;15;535;Entire home/apt
36554621;Belgium;19;492;Entire home/apt
36595448;Belgium;7;554;Private room
36612160;Belgium;23;359;Entire home/apt
36637087;Belgium;7;534;Entire home/apt
36660088;Belgium;35;379;Entire home/apt
36667763;Belgium;52;313;Entire home/apt
36671122;Belgium;13;260;Private room
36687566;Belgium;47;409;Entire home/apt
36784511;Belgium;41;493;Entire home/apt
36862676;Belgium;42;43;Entire home/apt
36870874;Belgium;41;373;Entire home/apt
36900123;Belgium;12;222;Entire home/apt
36904085;Belgium;39;252;Entire home/apt
36937227;Belgium;18;450;Entire home/apt
36953202;Belgium;34;280;Entire home/apt
36961012;Belgium;12;323;Entire home/apt
36963032;Belgium;16;533;Entire home/apt
108061;United States;57;210;Entire home/apt
155305;United States;15;56;Entire home/apt
156805;United States;42;350;Private room
156926;United States;47;438;Shared room
197263;United States;60;197;Private room
209068;United States;60;47;Entire home/apt
246315;United States;18;257;Private room
259576;United States;8;509;Entire home/apt
304379;United States;35;403;Entire home/apt
353092;United States;34;329;Entire home/apt
427497;United States;53;461;Entire home/apt
433646;United States;9;426;Private room
436476;United States;28;127;Entire home/apt
483384;United States;28;465;Entire home/apt
498089;United States;65;285;Entire home/apt
621243;United States;30;267;Entire home/apt
660702;United States;44;299;Entire home/apt
674894;United States;57;242;Private room
695196;United States;37;349;Private room
723349;United States;64;380;Private room
751963;United States;49;339;Entire home/apt
815068;United States;60;320;Entire home/apt
840696;United States;35;498;Entire home/apt
846221;United States;14;92;Entire home/apt
875735;United States;14;322;Private room
881707;United States;49;99;Entire home/apt
910737;United States;52;184;Entire home/apt
942934;United States;48;27;Private room
943832;United States;30;130;Entire home/apt
976034;United States;10;60;Entire home/apt
977054;United States;51;550;Entire home/apt
1039028;United States;16;391;Entire home/apt
1066156;United States;55;385;Entire home/apt
1127777;United States;51;234;Private room
1297717;United States;55;82;Entire home/apt
1312301;United States;64;29;Entire home/apt
1332684;United States;55;541;Entire home/apt
1392363;United States;12;182;Entire home/apt
1393012;United States;55;473;Private room
1421061;United States;34;369;Entire home/apt
1466495;United States;42;49;Entire home/apt
1475299;United States;21;50;Entire home/apt
1571095;United States;53;185;Entire home/apt
1574329;United States;35;456;Private room
1578831;United States;58;440;Entire home/apt
1586906;United States;44;39;Private room
1667214;United States;55;113;Private room
1684109;United States;62;454;Entire home/apt
1728187;United States;38;383;Entire home/apt
1768955;United States;46;513;Entire home/apt
1827412;United States;45;240;Private room
1843828;United States;31;501;Entire home/apt
1852818;United States;54;276;Entire home/apt
1879067;United States;34;503;Entire home/apt
2072026;United States;55;241;Entire home/apt
2108335;United States;48;308;Entire home/apt
2176375;United States;21;529;Entire home/apt
2209375;United States;27;382;Entire home/apt
2222067;United States;42;192;Entire home/apt
2254521;United States;61;346;Private room
2283071;United States;38;114;Private room
2296152;United States;24;65;Private room
2326086;United States;45;307;Entire home/apt
2411109;United States;33;249;Private room
2454666;United States;9;56;Entire home/apt
2477628;United States;19;245;Entire home/apt
2569529;United States;8;30;Entire home/apt
2605869;United States;38;508;Entire home/apt
2607570;United States;14;542;Entire home/apt
2925486;United States;45;92;Entire home/apt
3040444;United States;60;163;Entire home/apt
3066648;United States;53;395;Entire home/apt
3084395;United States;13;498;Entire home/apt
3095136;United States;48;455;Entire home/apt
3220474;United States;23;522;Private room
3225871;United States;51;560;Entire home/apt
3268055;United States;50;415;Entire home/apt
3268747;United States;46;275;Entire home/apt
3314819;United States;34;428;Private room
3369973;United States;22;469;Entire home/apt
3405282;United States;36;457;Entire home/apt
3445336;United States;14;190;Entire home/apt
3454237;United States;34;284;Entire home/apt
3522532;United States;27;267;Entire home/apt
3529241;United States;31;291;Entire home/apt
3563156;United States;15;152;Private room
3590634;United States;42;462;Entire home/apt
3649639;United States;35;423;Entire home/apt
3654375;United States;47;256;Entire home/apt
3741771;United States;39;187;Entire home/apt
3767793;United States;62;366;Entire home/apt
3821004;United States;16;342;Private room
3868452;United States;19;470;Entire home/apt
3868910;United States;47;428;Entire home/apt
3924937;United States;41;78;Entire home/apt
3945733;United States;27;156;Entire home/apt
3968877;United States;46;458;Private room
3976087;United States;21;146;Entire home/apt
3986614;United States;14;179;Entire home/apt
3990524;United States;53;411;Private room
4045013;United States;22;468;Entire home/apt
4108784;United States;47;309;Entire home/apt
4124504;United States;43;267;Entire home/apt
4129119;United States;63;386;Private room
4173713;United States;9;242;Entire home/apt
4241484;United States;21;528;Entire home/apt
4285157;United States;29;449;Private room
4304358;United States;26;157;Private room
4394670;United States;45;544;Entire home/apt
4394761;United States;20;544;Entire home/apt
4448604;United States;48;513;Entire home/apt
4515772;United States;12;427;Entire home/apt
4527048;United States;25;516;Entire home/apt
4587394;United States;52;255;Entire home/apt
4764715;United States;15;33;Entire home/apt
4846733;United States;46;160;Entire home/apt
4867991;United States;44;193;Entire home/apt
4875054;United States;36;390;Entire home/apt
4895765;United States;64;540;Entire home/apt
4931736;United States;9;116;Entire home/apt
4994407;United States;57;33;Entire home/apt
5114762;United States;64;128;Entire home/apt
5144212;United States;7;67;Entire home/apt
5151226;United States;41;277;Entire home/apt
5213038;United States;24;117;Entire home/apt
5261984;United States;38;139;Entire home/apt
5333015;United States;35;123;Entire home/apt
5336187;United States;26;561;Entire home/apt
5344892;United States;44;500;Private room
5464591;United States;46;204;Entire home/apt
5481195;United States;13;71;Entire home/apt
5696919;United States;12;144;Entire home/apt
5716399;United States;54;482;Entire home/apt
5850649;United States;57;142;Entire home/apt
5851392;United States;28;55;Entire home/apt
5868695;United States;21;41;Entire home/apt
5947797;United States;11;531;Private room
6005112;United States;8;503;Private room
6054250;United States;30;288;Entire home/apt
6056098;United States;19;360;Entire home/apt
6079982;United States;37;491;Entire home/apt
6145162;United States;27;442;Private room
6170347;United States;52;103;Private room
6180513;United States;57;243;Entire home/apt
6197585;United States;8;138;Entire home/apt
6227094;United States;58;360;Entire home/apt
6234618;United States;23;47;Entire home/apt
6290666;United States;34;225;Entire home/apt
6362850;United States;22;122;Entire home/apt
6363332;United States;61;46;Entire home/apt
6399802;United States;28;311;Private room
6452410;United States;27;182;Entire home/apt
6609327;United States;46;278;Entire home/apt
6698737;United States;14;234;Private room
6699384;United States;28;510;Entire home/apt
6711659;United States;20;355;Entire home/apt
6715120;United States;62;230;Entire home/apt
6724476;United States;8;234;Entire home/apt
6760016;United States;21;284;Entire home/apt
6765734;United States;48;350;Shared room
6765832;United States;32;112;Private room
6775949;United States;14;264;Entire home/apt
6813265;United States;7;406;Private room
6818139;United States;57;170;Private room
6829875;United States;37;334;Entire home/apt
6913630;United States;7;68;Entire home/apt
6970329;United States;27;363;Entire home/apt
7001873;United States;57;366;Entire home/apt
7045303;United States;21;377;Private room
7063293;United States;21;375;Entire home/apt
7103096;United States;38;221;Entire home/apt
7340132;United States;57;161;Entire home/apt
7341057;United States;58;202;Private room
7418991;United States;32;536;Entire home/apt
7438838;United States;27;484;Entire home/apt
7543799;United States;28;202;Entire home/apt
7630648;United States;63;528;Entire home/apt
7665386;United States;22;436;Entire home/apt
7674957;United States;48;198;Entire home/apt
7693393;United States;12;430;Entire home/apt
7853605;United States;55;478;Entire home/apt
7859259;United States;64;502;Entire home/apt
7887572;United States;20;101;Entire home/apt
7920935;United States;43;106;Entire home/apt
7938930;United States;48;517;Entire home/apt
7940019;United States;19;90;Entire home/apt
7947839;United States;48;322;Entire home/apt
7967886;United States;34;136;Entire home/apt
7995120;United States;35;440;Entire home/apt
8070733;United States;17;306;Entire home/apt
8089299;United States;24;239;Private room
8173732;United States;56;356;Entire home/apt
8193368;United States;64;502;Entire home/apt
8211404;United States;19;307;Entire home/apt
8246075;United States;26;490;Private room
8265544;United States;13;27;Entire home/apt
8266788;United States;37;213;Entire home/apt
8304698;United States;65;75;Entire home/apt
8310318;United States;52;221;Entire home/apt
8362668;United States;12;494;Entire home/apt
8427121;United States;54;94;Entire home/apt
8443279;United States;23;427;Entire home/apt
8485214;United States;64;475;Entire home/apt
8513468;United States;64;488;Entire home/apt
8576671;United States;13;135;Private room
8593492;United States;38;437;Private room
8624659;United States;20;410;Entire home/apt
8634354;United States;20;462;Entire home/apt
8664712;United States;46;387;Entire home/apt
8672247;United States;56;363;Entire home/apt
8741844;United States;54;186;Entire home/apt
8782463;United States;28;457;Entire home/apt
8895397;United States;37;220;Entire home/apt
9022608;United States;16;426;Entire home/apt
9062255;United States;50;355;Private room
9243493;United States;47;93;Entire home/apt
9282426;United States;10;124;Entire home/apt
9562953;United States;50;119;Entire home/apt
9661460;United States;52;31;Entire home/apt
9794899;United States;24;429;Entire home/apt
9906491;United States;38;376;Private room
9944111;United States;33;165;Entire home/apt
10085566;United States;34;204;Entire home/apt
10089256;United States;23;558;Entire home/apt
10263107;United States;62;237;Entire home/apt
10289755;United States;30;468;Entire home/apt
10360188;United States;59;428;Private room
10524188;United States;41;314;Entire home/apt
10524253;United States;48;145;Entire home/apt
10632884;United States;30;517;Entire home/apt
10635789;United States;17;540;Private room
10674355;United States;19;35;Entire home/apt
10724022;United States;37;431;Entire home/apt
10785231;United States;9;250;Entire home/apt
10853381;United States;57;383;Entire home/apt
10909034;United States;25;496;Entire home/apt
11182596;United States;62;499;Private room
11242744;United States;65;455;Entire home/apt
11283225;United States;27;545;Entire home/apt
11291801;United States;56;457;Entire home/apt
11388248;United States;52;195;Entire home/apt
11421709;United States;49;325;Entire home/apt
11483381;United States;51;388;Entire home/apt
11489172;United States;61;481;Entire home/apt
11510567;United States;28;27;Private room
11553531;United States;48;426;Private room
11609580;United States;27;407;Entire home/apt
11618840;United States;42;191;Entire home/apt
11701027;United States;26;395;Entire home/apt
11811039;United States;29;169;Entire home/apt
11925721;United States;16;43;Entire home/apt
11938223;United States;33;58;Entire home/apt
11947108;United States;16;518;Entire home/apt
12107874;United States;40;429;Entire home/apt
12144656;United States;59;54;Entire home/apt
12182918;United States;49;194;Entire home/apt
12188215;United States;32;441;Entire home/apt
12189623;United States;33;137;Entire home/apt
12222050;United States;51;544;Entire home/apt
12250733;United States;29;289;Entire home/apt
12251952;United States;55;531;Private room
12266103;United States;10;502;Entire home/apt
12281167;United States;57;316;Private room
12286328;United States;10;256;Shared room
12290379;United States;50;208;Private room
12310425;United States;24;360;Entire home/apt
12363894;United States;17;103;Entire home/apt
12377575;United States;17;452;Entire home/apt
12400514;United States;40;71;Entire home/apt
12470763;United States;46;278;Private room
12472966;United States;17;25;Entire home/apt
12543684;United States;46;288;Entire home/apt
12587092;United States;28;412;Private room
12761982;United States;24;230;Private room
12763722;United States;34;177;Entire home/apt
12802506;United States;56;433;Private room
12809255;United States;62;165;Private room
12810440;United States;45;121;Entire home/apt
12813635;United States;33;533;Entire home/apt
12834984;United States;7;424;Entire home/apt
12835184;United States;13;519;Entire home/apt
12848084;United States;30;352;Entire home/apt
12871394;United States;53;321;Entire home/apt
12918380;United States;51;82;Entire home/apt
12925044;United States;42;407;Entire home/apt
12944995;United States;51;87;Entire home/apt
12970301;United States;47;487;Entire home/apt
12989718;United States;61;261;Shared room
13093505;United States;28;223;Entire home/apt
13112074;United States;64;431;Entire home/apt
13136198;United States;7;410;Entire home/apt
13186091;United States;55;395;Entire home/apt
13206560;United States;30;284;Entire home/apt
13224612;United States;54;429;Private room
13231021;United States;38;336;Entire home/apt
13234214;United States;16;226;Entire home/apt
13274313;United States;35;419;Entire home/apt
13279595;United States;30;241;Private room
13326253;United States;18;331;Entire home/apt
13333422;United States;15;459;Entire home/apt
13340576;United States;55;49;Entire home/apt
13346738;United States;9;157;Entire home/apt
13348419;United States;51;239;Entire home/apt
13355384;United States;52;32;Entire home/apt
13386987;United States;48;54;Entire home/apt
13388627;United States;28;491;Entire home/apt
13426466;United States;65;530;Entire home/apt
13429035;United States;54;470;Entire home/apt
13514183;United States;18;202;Entire home/apt
13524286;United States;58;464;Entire home/apt
13556933;United States;9;539;Entire home/apt
13582513;United States;47;38;Entire home/apt
13621363;United States;13;174;Private room
13674901;United States;29;405;Private room
13686565;United States;64;63;Entire home/apt
13700790;United States;8;217;Private room
13716891;United States;33;269;Entire home/apt
13744589;United States;60;253;Entire home/apt
13779774;United States;41;270;Entire home/apt
13819278;United States;38;351;Entire home/apt
13877850;United States;26;90;Entire home/apt
13901952;United States;34;216;Entire home/apt
13942925;United States;43;375;Entire home/apt
14044072;United States;45;29;Entire home/apt
14052114;United States;9;517;Entire home/apt
14076438;United States;47;55;Entire home/apt
14110641;United States;27;394;Entire home/apt
14122840;United States;47;374;Private room
14125023;United States;63;270;Entire home/apt
14167740;United States;18;431;Entire home/apt
14168464;United States;18;269;Entire home/apt
14184893;United States;10;293;Private room
14203513;United States;23;526;Entire home/apt
14236639;United States;38;29;Entire home/apt
14352724;United States;29;35;Entire home/apt
14357005;United States;64;109;Entire home/apt
14430828;United States;26;229;Entire home/apt
14442508;United States;27;560;Entire home/apt
14514191;United States;45;558;Entire home/apt
14522467;United States;49;282;Entire home/apt
14561813;United States;46;217;Entire home/apt
